item_id,title,description,url,image_url,brand,price,availability,seller_name,target_countries,is_eligible_search,is_eligible_checkout,is_ads_eligible
SX7622_100_S_CNF,U nk elite crew 132,"Nike elite crew' korvpallisokid toetavad tänu võlviribale jalga ja pehmendused strateegilistes kohtades summutavad põrutust, kui sa üle väljaku jooksed. dri-fit-i tehnoloogia aitab sul püsida kuiv ja tunda end mugavalt. Vaata lähemalt ballzy.eu.",https://ballzy.eu/et/product/u-nk-elite-crew-132-sx7622-100-s-cnf,https://backend.ballzy.eu/media/catalog/product/n/i/nike-u-nk-elite-crew-132-valge-89e1.jpg,Nike,17.00 EUR,in_stock,Streetbrand OÜ,EE,true,false,true
CQ2809_9_CNF,Gazelle,"A fan and streetwear favourite for a half century, this ´60s-era football trainer is not done yet. these shoes are a direct reissue of the 1991 upgraded gazelle, with authentic textures, materials and proportions. the upper is made of nubuck and features tonal trim and silver-coloured lettering. Vaata lähemalt ballzy.eu.",https://ballzy.eu/et/product/gazelle-cq2809-9-cnf,https://backend.ballzy.eu/media/catalog/product/a/d/adidas-gazelle-must-jglh.jpg,adidas Originals,109.00 EUR,in_stock,Streetbrand OÜ,EE,true,false,true
SX5544_100_S_CNF,U j everyday max ankl 3pr,Spordiriided ballzy veebipoest. Vaata lähemalt ballzy.eu.,https://ballzy.eu/et/product/u-j-everyday-max-ankl-3pr-sx5544-100-s-cnf,https://backend.ballzy.eu/media/catalog/product/4/m/4me1hlslkk9hpbqh.jpg,Nike,19.00 EUR,in_stock,Streetbrand OÜ,EE,true,false,true
SX5546_011_S_CNF,Jumpman no-show 3ppk,"Unisex jordan jumpman no-show socks (3 pair)unisex jordan jumpman no-show socks (3 pairs) are made with sweat-wicking fabric, mesh panels and arch compression for breathability and a snug, comfortable fit. the heel and toe are reinforced for durability and impact protection.dri-fit technology helps you stay dry and comfortable.mesh panels offer breathability.arch compression provides a snug, comfortable fit.heel and toe are reinforced for durability.righ Vaata lähemalt ballzy.eu.",https://ballzy.eu/et/product/jumpman-no-show-3ppk-sx5546-011-s-cnf,https://backend.ballzy.eu/media/catalog/product/o/p/op6o3foxzuxz1slbd4e4.jpg,Jordan,17.00 EUR,in_stock,Streetbrand OÜ,EE,true,false,true
SX5546_100_S_CNF,U j everyday max ns 3pr,"Unisex jordan jumpman no-show socks (3 pair)unisex jordan jumpman no-show socks (3 pairs) are made with sweat-wicking fabric, mesh panels and arch compression for breathability and a snug, comfortable fit. the heel and toe are reinforced for durability and impact protection.dri-fit technology helps you stay dry and comfortable.mesh panels offer breathability.arch compression provides a snug, comfortable fit.heel and toe are reinforced for durability.righ Vaata lähemalt ballzy.eu.",https://ballzy.eu/et/product/u-j-everyday-max-ns-3pr-sx5546-100-s-cnf,https://backend.ballzy.eu/media/catalog/product/j/o/jordan-u-j-everyday-max-ns-3pr-valge-cyby.jpg,Jordan,19.00 EUR,in_stock,Streetbrand OÜ,EE,true,false,true
B75806_8_CNF,Samba og,samba on sündinud väljakul ja on tänavastiili ajatu ikoon. need jalatsid jäävad oma pärandile truuks pehme nahast pealse ja mokkade kattekihiga. Vaata lähemalt ballzy.eu.,https://ballzy.eu/et/product/samba-og-b75806-8-cnf,https://backend.ballzy.eu/media/catalog/product/a/d/adidas-samba-og-valge-3plk.jpg,adidas Originals,129.00 EUR,in_stock,Streetbrand OÜ,EE,true,false,true
B75807_8_CNF,Samba og,samba on sündinud väljakul ja on tänavastiili ajatu ikoon. need jalatsid jäävad oma pärandile truuks pehme nahast pealse ja mokkade kattekihiga. Vaata lähemalt ballzy.eu.,https://ballzy.eu/et/product/samba-og-b75807-8-cnf,https://backend.ballzy.eu/media/catalog/product/a/d/adidas-samba-og-must-xptx.jpg,adidas Originals,129.00 EUR,in_stock,Streetbrand OÜ,EE,true,false,true
SX7664_100_S_CNF,U nk everyday cush crew 3 pairs,"nike everyday cushioned sokid annavad jõudu treeningule. higi ärajuhtiv tehnoloogia aitab sind kuivana ja jahedana hoida, samas kui paks froteepõhi annab sulle mugavust intensiivsete tõste ja lisakilomeetrite läbimiseks. sokkide paelaga kaetud kaareosa on su jala ümber mugav ja toetav. 3 paari pakend tähendab, et teil on alati varuplaan&hellip; toote omadused: nike dri-fit-tehnoloogia juhib higi nahast eemale, et see aurustuks kiiremini, aidates sul kuivana ja mugavalt püsida.'. Vaata lähemalt ballzy.eu.",https://ballzy.eu/et/product/u-nk-everyday-cush-crew-3-pairs-sx7664-100-s-cnf,https://backend.ballzy.eu/media/catalog/product/n/i/nike-u-nk-everyday-cush-crew-3-pairs-valge-0f5l.jpg,Nike,24.00 EUR,in_stock,Streetbrand OÜ,EE,true,false,true
SX5544_010_S_CNF,U j everyday max ankl 3pr,Spordiriided ballzy veebipoest. Vaata lähemalt ballzy.eu.,https://ballzy.eu/et/product/u-j-everyday-max-ankl-3pr-sx5544-010-s-cnf,https://backend.ballzy.eu/media/catalog/product/j/o/jordan-u-j-everyday-max-ankl-3pr-must-ydap.jpg,Jordan,17.00 EUR,in_stock,Streetbrand OÜ,EE,true,false,true
S20274_3942_CNF,Trefoil liner socks 3 pairs,"trefoil liner sokid annavad igapäevaelus kasutatavatele põhisokkidele originaalsust. need sokid on lõigatud nii, et neid ei oleks näha, kui neid kantakse koos tossudega, ning need on valmistatud kergelt venivast puuvillast ja nende jalapealsel on trefoil kujutis. Vaata lähemalt ballzy.eu.",https://ballzy.eu/et/product/trefoil-liner-socks-3-pairs-s20274-3942-cnf,https://backend.ballzy.eu/media/catalog/product/a/d/adidas-trefoil-liner-socks-3-pairs-must-5iti.jpg,adidas Originals,12.00 EUR,in_stock,Streetbrand OÜ,EE,true,false,true
12122742_OSFM_CNF,Essential 940 wmns new york yankees,Spordiriided ballzy veebipoest. Vaata lähemalt ballzy.eu.,https://ballzy.eu/et/product/essential-940-wmns-new-york-yankees-12122742-osfm-cnf,https://backend.ballzy.eu/media/catalog/product/n/e/newera-essential-940-wmns-new-york-yankees-must-lz0b.jpg,New Era,29.00 EUR,in_stock,Streetbrand OÜ,EE,true,false,true
162050C_001_10_CNF,Chuck 70 hi,Spordiriided ballzy veebipoest. Vaata lähemalt ballzy.eu.,https://ballzy.eu/et/product/chuck-70-hi-162050c-001-10-cnf,https://backend.ballzy.eu/media/catalog/product/c/o/converse-chuck-70-hi-must-hmah.jpg,Converse,94.00 EUR,in_stock,Streetbrand OÜ,EE,true,false,true
162058C_001_10_CNF,Chuck 70 ox,Spordiriided ballzy veebipoest. Vaata lähemalt ballzy.eu.,https://ballzy.eu/et/product/chuck-70-ox-162058c-001-10-cnf,https://backend.ballzy.eu/media/catalog/product/c/o/converse-chuck-70-ox-must-bgq3.jpg,Converse,89.00 EUR,in_stock,Streetbrand OÜ,EE,true,false,true
SX7676_010_S_CNF,U nk everyday ltwt crew 3pr,higi imav mugavus./>läbi oma treening nike'i igapäevaste sokkidega. peened niidid koos higi imava tehnoloogiaga aitavad hoida su jalad mugavatena ja kuivadena.dri-fit tehnoloogia aitab hoida su jalad kuivana ja mugavana.crew stiil katab su pahkluu ja sääre alumise sääre.soonikud aitavad sokke paigal hoida.võlvi ümber on liibuv ja toetav riba. Vaata lähemalt ballzy.eu.,https://ballzy.eu/et/product/u-nk-everyday-ltwt-crew-3pr-sx7676-010-s-cnf,https://backend.ballzy.eu/media/catalog/product/n/i/nike-u-nk-everyday-ltwt-crew-3pr-must-vstx.jpg,Nike,19.00 EUR,in_stock,Streetbrand OÜ,EE,true,false,true
SX7676_100_S_CNF,U nk everyday ltwt crew 3pr,higi imav mugavus./>läbi oma treening nike'i igapäevaste sokkidega. peened niidid koos higi imava tehnoloogiaga aitavad hoida su jalad mugavatena ja kuivadena.dri-fit tehnoloogia aitab hoida su jalad kuivana ja mugavana.crew stiil katab su pahkluu ja sääre alumise sääre.soonikud aitavad sokke paigal hoida.võlvi ümber on liibuv ja toetav riba. Vaata lähemalt ballzy.eu.,https://ballzy.eu/et/product/u-nk-everyday-ltwt-crew-3pr-sx7676-100-s-cnf,https://backend.ballzy.eu/media/catalog/product/n/i/nike-u-nk-everyday-ltwt-crew-3pr-valge-1ir8.jpg,Nike,19.00 EUR,in_stock,Streetbrand OÜ,EE,true,false,true
SX7677_010_S_CNF,U nk everyday ltwt ankle 3pr,Nike everyday lightweighti sokkidega sööstad võimsalt läbi oma treeningu. pehme kangas ja higiimav tehnoloogia hoiavad su jalad mugava ning kuivana. Vaata lähemalt ballzy.eu.,https://ballzy.eu/et/product/u-nk-everyday-ltwt-ankle-3pr-sx7677-010-s-cnf,https://backend.ballzy.eu/media/catalog/product/n/i/nike-u-nk-everyday-ltwt-ankle-3pr-must-adp8.jpg,Nike,19.00 EUR,in_stock,Streetbrand OÜ,EE,true,false,true
SX7677_100_S_CNF,U nk ed ltwt ankle 3p 132,Nike everyday lightweighti sokkidega sööstad võimsalt läbi oma treeningu. pehme kangas ja higiimav tehnoloogia hoiavad su jalad mugava ning kuivana. Vaata lähemalt ballzy.eu.,https://ballzy.eu/et/product/u-nk-ed-ltwt-ankle-3p-132-sx7677-100-s-cnf,https://backend.ballzy.eu/media/catalog/product/n/i/nike-u-nk-everyday-ltwt-ankle-3pr-valge-1ek5.jpg,Nike,19.00 EUR,in_stock,Streetbrand OÜ,EE,true,false,true
CP003_CNF,Crep protect - wipes 12 sachets,12 wipes per tin. individually sealed for freshness. travel size wipes perfect for those unexpected marks when you’re on the move. smooth side for general cleaning and textured side for tougher marks. cotton fresh scented. Vaata lähemalt ballzy.eu.,https://ballzy.eu/et/product/crep-protect-wipes-12-sachets-cp003-cnf,https://backend.ballzy.eu/media/catalog/product/c/r/crep-protect-crep-protect-wipes-12-sachets-multicolor-aihz.jpg,Crep Protect,9.00 EUR,in_stock,Streetbrand OÜ,EE,true,false,true
CP019_CNF,Crep protect mark-on black midsole custom pen,The ultimate midsole custom pen. restore the fresh look of your midsoles or simply switch up the colours! Vaata lähemalt ballzy.eu.,https://ballzy.eu/et/product/crep-protect-mark-on-black-midsole-custom-pen-cp019-cnf,https://backend.ballzy.eu/media/catalog/product/c/r/crep-protect-crep-protect-mark-on-black-midsole-custom-pen-multicolor-rgub.jpg,Crep Protect,15.00 EUR,in_stock,Streetbrand OÜ,EE,true,false,true
CK6784_010_S_CNF,Lbj u nk elt crew,Spordiriided ballzy veebipoest. Vaata lähemalt ballzy.eu.,https://ballzy.eu/et/product/lbj-u-nk-elt-crew-ck6784-010-s-cnf,https://backend.ballzy.eu/media/catalog/product/n/i/nike-lbj-u-nk-elt-crew-must-nmrk.jpg,Nike,14.00 EUR,in_stock,Streetbrand OÜ,EE,true,false,true
BD7632_7.5_CNF,Handball spezial,"esmakordselt 1979. aastal eliitkäsipallurite jaoks kasutusele võetud kingad on nüüdseks armastatud oma klassikalise stiili tõttu. see versioon on valmistatud lehma mokkast pealsest, mis tagab paindliku tunde. pehme kummist välistald hoiab neid oma vintage-juurtele truuks. Vaata lähemalt ballzy.eu.",https://ballzy.eu/et/product/handball-spezial-bd7632-7-5-cnf,https://backend.ballzy.eu/media/catalog/product/a/d/adidas-handball-spezial-valge-kkrz.jpg,adidas Originals,119.00 EUR,in_stock,Streetbrand OÜ,EE,true,false,true
CW2288_111_8.5_CNF,Air force 1 ´07,"legendaarne stiil refined&hellip; sära elab edasi nike air force 1 ´07-s, b-palli og-s, mis paneb värske pöörde sellele, mida tunned kõige paremini: vastupidavad õmblused, puhas viimistlus ja täiuslik kogus välku, mis paneb sind särama&hellip; tooteomadused: nike air pehmendus lisab kerget ja kogu päeva kestvat mugavust&hellip; madalalt lõigatud siluett lisab puhta ja voolujoonelise välimuse&hellip; pehmendusega krae on pehme ja mugav&hellip; toote omadused alapealkirjad: pehmend Vaata lähemalt ballzy.eu.",https://ballzy.eu/et/product/air-force-1-07-cw2288-111-8-5-cnf,https://backend.ballzy.eu/media/catalog/product/n/i/nike-air-force-1-07-valge-cmp1.jpg,Nike,134.00 EUR,in_stock,Streetbrand OÜ,EE,true,false,true
VN000EYEW001_090_CNF,Ua classic slip-on,Spordiriided ballzy veebipoest. Vaata lähemalt ballzy.eu.,https://ballzy.eu/et/product/ua-classic-slip-on-vn000eyew001-090-cnf,https://backend.ballzy.eu/media/catalog/product/v/a/vans-ua-classic-slip-on-valge-qqbr.jpg,Vans,69.00 EUR,in_stock,Streetbrand OÜ,EE,true,false,true
60113286_OSFM_CNF,Face mask new york yankees,Spordiriided ballzy veebipoest. Vaata lähemalt ballzy.eu.,https://ballzy.eu/et/product/face-mask-new-york-yankees-60113286-osfm-cnf,https://backend.ballzy.eu/media/catalog/product/n/e/newera-face-mask-neyyan-must-7gd8.jpg,New Era,19.00 EUR,in_stock,Streetbrand OÜ,EE,true,false,true
DA2123_100_S_CNF,U nk ed crew bball 3pr 144,"peatamatule mängijale./>tugevda oma mängu nike igapäevaste polsterdatud sokkidega. jalataldade polsterdus pakub mugavust väljakul, samal ajal kui jala võlvi soonik ümbritseb su jala keskosa toetava tunde tekitamiseks.dri-fit tehnoloogia aitab hoida jalad kuivana ja mugavana.jalataldade pehmendus tagab mugavuse.soonik jalavõlvi osa pakub toetavat tunnet.crew-stiilis siluett katab su pahkluu ja alumist säärt. Vaata lähemalt ballzy.eu.",https://ballzy.eu/et/product/u-nk-ed-crew-bball-3pr-144-da2123-100-s-cnf,https://backend.ballzy.eu/media/catalog/product/n/i/nike-u-nk-crew-everyday-bball-3pr-valge-loy3.jpg,Nike,27.00 EUR,in_stock,Streetbrand OÜ,EE,true,false,true
DH2920_111_4Y_CNF,Air force 1 le gs,"salute to a legendale&hellip; sellest ongi legendid tehtud. nike air force 1 le toob tagasi 82. aasta kõvapuu ikooni igapäevaseks stiiliks, mis on täielikult valge või täielikult must. vastupidavus, tunnetus ja air on endiselt olemas neile, kes armastavad klassikalist&hellip; toote omadused: ehtne ja sünteetiline nahk on vastupidav ja kergesti puhastatav&hellip; varjatud air-põhjaüksus pakub klassikalist pehmendust&hellip; kummist tald toob vastupidava haardumise&hellip; toote om Vaata lähemalt ballzy.eu.",https://ballzy.eu/et/product/air-force-1-le-gs-dh2920-111-4y-cnf,https://backend.ballzy.eu/media/catalog/product/n/i/nike-air-force-1-le-gs-valge-rwos.jpg,Nike,109.00 EUR,in_stock,Streetbrand OÜ,EE,true,false,true
CZ5478_001_7_CNF,Nike victori one shower slide,"libise mugavusse.oled mänginud tubli mängu. oled kõvasti higistanud. oled andnud endast kõik. nüüd on jäänud ainult üks asi veel – pead duši all ära käima. ära muretse, oleme sulle nike'i victori one'i plätudega abiks. ühes tükis vahtkummist plätu on pehme ja mugav ning haakumist soodustav muster talla all ei lase sul märjal pinnal libiseda. lisaks kuivavad plätud kiiresti, seega ei oska keegi aimata, et tulid just duši alt, kui peole tormad.ühes tükis vahtkummist plät Vaata lähemalt ballzy.eu.",https://ballzy.eu/et/product/nike-victori-one-shower-slide-cz5478-001-7-cnf,https://backend.ballzy.eu/media/catalog/product/n/i/nike-nike-victori-one-shower-slide-must-2wnc.jpg,Nike,29.00 EUR,in_stock,Streetbrand OÜ,EE,true,false,true
VN000D3HY281_050_CNF,Ua old skool,Spordiriided ballzy veebipoest. Vaata lähemalt ballzy.eu.,https://ballzy.eu/et/product/ua-old-skool-vn000d3hy281-050-cnf,https://backend.ballzy.eu/media/catalog/product/v/a/vans-ua-old-skool-must-rmxf.jpg,Vans,79.00 EUR,in_stock,Streetbrand OÜ,EE,true,false,true
SX4863_101_S_CNF,W nk evry ltwt foot 3pr,"mugavad ja lhellip; nike everyday lightweight footie sokid on valmistatud võrgust ja venivast puuvillasegust, mis tagab hingavuse ja mugava, pehme tunde&hellip; toote omadused: higi eemaldav kangas aitab sul kuivana ja mugavalt püsida&hellip; võrgupaneelid aitavad hoida jalad jahedana&hellip; tugevdatud varbad lisavad vastupidavust&hellip; toote omaduste alajaotused: tootedetailid: 71% puuvill/26% nailon/2-3% spandex/0-1% metallist kiud. materjalide protsendid võivad erineda. kon Vaata lähemalt ballzy.eu.",https://ballzy.eu/et/product/w-nk-evry-ltwt-foot-3pr-sx4863-101-s-cnf,https://backend.ballzy.eu/media/catalog/product/n/i/nike-w-nk-evry-ltwt-foot-3pr-valge-lzmz.jpg,Nike,14.00 EUR,in_stock,Streetbrand OÜ,EE,true,false,true
SX7667_010_S_CNF,U nk everyday cush ankle 3pr,"mugavus ja toestus./>läbi oma treeningud nike everyday cushioned socks sokkidega. paks terry tallaosa annab sulle lisamugavust jalgade harjutuste ja tõstete jaoks, samal ajal kui võlvi ümber on liibuv ja toetav riba ekstrateotuse jaoks.dri-fit tehnoloogia aitab hoida su jalad kuivana ja mugavana.paks terry tallaosa pakub mugavust ja põrutuse neeldumist.võlvi ümber olev riba annab toetava tunde.1/4-pikkusega lõige katab su pahkluu. Vaata lähemalt ballzy.eu.",https://ballzy.eu/et/product/u-nk-everyday-cush-ankle-3pr-sx7667-010-s-cnf,https://backend.ballzy.eu/media/catalog/product/n/i/nike-u-nk-everyday-cush-ankle-3pr-must-amou.jpg,Nike,19.00 EUR,in_stock,Streetbrand OÜ,EE,true,false,true
DA5718_100_S_CNF,U j essential crew 3pr - 144,"igapäevane jalanõude kaaslane./>jordan essentials crew sokid on pehmed ja venivad, tagades toetava sobivuse ning jala all on kootud pehmendus. komplektis on 3 paari sokke, mis annavad sulle valmiduse peaaegu pooleks nädalaks. Vaata lähemalt ballzy.eu.",https://ballzy.eu/et/product/u-j-essential-crew-3pr-144-da5718-100-s-cnf,https://backend.ballzy.eu/media/catalog/product/j/o/jordan-u-jordan-essential-crew-3pr-valge-c6cm.jpg,Jordan,24.00 EUR,in_stock,Streetbrand OÜ,EE,true,false,true
VN000EYEBWW1_040_CNF,Ua classic slip-on,Spordiriided ballzy veebipoest. Vaata lähemalt ballzy.eu.,https://ballzy.eu/et/product/ua-classic-slip-on-vn000eyebww1-040-cnf,https://backend.ballzy.eu/media/catalog/product/v/a/vans-ua-classic-slip-on-multicolor-rk1e.jpg,Vans,69.00 EUR,in_stock,Streetbrand OÜ,EE,true,false,true
DK0A4XP3BLK1_L_CNF,Alatna,"Alatna jacket on naiste puhvjakk, mis on loodud sooja hoidmiseks, kui temperatuur langeb. selle pehme ja veekindel kest lukustab soojust ja sellel on käepärased taskud oma hädavajalike asjade kandmiseks. Vaata lähemalt ballzy.eu.",https://ballzy.eu/et/product/alatna-dk0a4xp3blk1-l-cnf,https://backend.ballzy.eu/media/catalog/product/d/i/dickies-alatna-must-39ic.jpg,Dickies,154.00 EUR,in_stock,Streetbrand OÜ,EE,true,false,true
80468932_OSFA_CNF,Mlb league ess 940 yankees,Spordiriided ballzy veebipoest. Vaata lähemalt ballzy.eu.,https://ballzy.eu/et/product/mlb-league-ess-940-yankees-80468932-osfa-cnf,https://backend.ballzy.eu/media/catalog/product/n/e/newera-mlb-league-ess-940-yankees-must-d4nv.jpg,New Era,29.00 EUR,in_stock,Streetbrand OÜ,EE,true,false,true
DH5485_601_S_CNF,U nk everyday ankle 1pk - 144,"töötavad välja rõveduse pärast. kombineerides pehmed lõngad higi äravoolava võimsusega, aitavad need narmastatud mansetiga sokid hoida jalad treeningute ajal kuivana ja mugavalt, ohverdamata seejuures stiili… tooteomadused: dri-fit tehnoloogia aitab hoida jalad kuivana ja mugavalt… kootud lõngad tunduvad jalgade vastu pehmed… toote omaduste alajaotused: tootedetailid: 85% polüester/13% nailon/2% elastaani… masinpesu. imporditud. Vaata lähemalt ballzy.eu.",https://ballzy.eu/et/product/u-nk-everyday-ankle-1pk-144-dh5485-601-s-cnf,https://backend.ballzy.eu/media/catalog/product/n/i/nike-u-nk-everyday-ankle-1pk-144-roosa-gf9w.jpg,Nike,17.00 EUR,in_stock,Streetbrand OÜ,EE,true,false,true
DK0A4XDAWHX1_XS_CNF,Ss mapleton t-shirt w,Spordiriided ballzy veebipoest. Vaata lähemalt ballzy.eu.,https://ballzy.eu/et/product/ss-mapleton-t-shirt-w-dk0a4xdawhx1-xs-cnf,https://backend.ballzy.eu/media/catalog/product/d/i/dickies-ss-mapleton-t-shirt-w-multicolor-rmyr.jpg,Dickies,29.00 EUR,in_stock,Streetbrand OÜ,EE,true,false,true
VN000D3HBKA1_130_CNF,Ua old skool,Spordiriided ballzy veebipoest. Vaata lähemalt ballzy.eu.,https://ballzy.eu/et/product/ua-old-skool-vn000d3hbka1-130-cnf,https://backend.ballzy.eu/media/catalog/product/v/a/vans-ua-old-skool-must-x1er.jpg,Vans,84.00 EUR,in_stock,Streetbrand OÜ,EE,true,false,true
DX5074_010_M_CNF,U nk nsw everyday essential an,Nike everyday essentiali sokid on kerged ja mitmekülgsed ning neid saa kanda erinevate tegevustega. nad tunduvad jalas pehmed ja nende õhku läbilaskev silmkoes kangas pakub kogu päeva kestvat mugavust. see toode on valmistatud vähemalt 75% taaskasutatud polüesterkiududest. Vaata lähemalt ballzy.eu.,https://ballzy.eu/et/product/u-nk-nsw-everyday-essential-an-dx5074-010-m-cnf,https://backend.ballzy.eu/media/catalog/product/n/i/nike-u-nk-nsw-everyday-essential-an-must-ba5c.jpg,Nike,19.00 EUR,in_stock,Streetbrand OÜ,EE,true,false,true
DX5074_101_M_CNF,U nk nsw everyday essential an,Nike everyday essentiali sokid on kerged ja mitmekülgsed ning neid saa kanda erinevate tegevustega. nad tunduvad jalas pehmed ja nende õhku läbilaskev silmkoes kangas pakub kogu päeva kestvat mugavust. see toode on valmistatud vähemalt 75% taaskasutatud polüesterkiududest. Vaata lähemalt ballzy.eu.,https://ballzy.eu/et/product/u-nk-nsw-everyday-essential-an-dx5074-101-m-cnf,https://backend.ballzy.eu/media/catalog/product/n/i/nike-u-nk-nsw-everyday-essential-an-valge-hn5b.jpg,Nike,19.00 EUR,in_stock,Streetbrand OÜ,EE,true,false,true
DX5075_100_L_CNF,U nk nsw everyday essential ns,"Sportlikust vaatevinklist ajendatud nike sportswear essentiali madalad sokid on kerged, ülimadalad ja pehmed, sobides igapäevaseks kandmiseks. see toode on valmistatud vähemalt 75% taaskasutatud polüesterkiududest. Vaata lähemalt ballzy.eu.",https://ballzy.eu/et/product/u-nk-nsw-everyday-essential-ns-dx5075-100-l-cnf,https://backend.ballzy.eu/media/catalog/product/n/i/nike-u-nk-nsw-everyday-essential-ns-valge-cbxu.jpg,Nike,19.00 EUR,in_stock,Streetbrand OÜ,EE,true,false,true
LAH91014_BK_OSZ_CNF,6-panel curved brim nb classic hat,Spordiriided ballzy veebipoest. Vaata lähemalt ballzy.eu.,https://ballzy.eu/et/product/6-panel-curved-brim-nb-classic-hat-lah91014-bk-osz-cnf,https://backend.ballzy.eu/media/catalog/product/n/e/new-balance-6-panel-curved-brim-nb-classic-hat-must-gowi.jpg,New Balance,24.00 EUR,in_stock,Streetbrand OÜ,EE,true,false,true
162056C_102_10_CNF,Chuck 70 hi,Spordiriided ballzy veebipoest. Vaata lähemalt ballzy.eu.,https://ballzy.eu/et/product/chuck-70-hi-162056c-102-10-cnf,https://backend.ballzy.eu/media/catalog/product/c/o/converse-chuck-70-hi-valge-jqat.jpg,Converse,99.00 EUR,in_stock,Streetbrand OÜ,EE,true,false,true
DK0A4XB2BLK1_S_CNF,Pelican rapids,Spordiriided ballzy veebipoest. Vaata lähemalt ballzy.eu.,https://ballzy.eu/et/product/pelican-rapids-dk0a4xb2blk1-s-cnf,https://backend.ballzy.eu/media/catalog/product/d/i/dickies-pelican-rapids-must-iptw.jpg,Dickies,59.00 EUR,in_stock,Streetbrand OÜ,EE,true,false,true
DK0A4XK7CH01_S_CNF,Work shirt ss rec,Spordiriided ballzy veebipoest. Vaata lähemalt ballzy.eu.,https://ballzy.eu/et/product/work-shirt-ss-rec-dk0a4xk7ch01-s-cnf,https://backend.ballzy.eu/media/catalog/product/d/i/dickies-work-shirt-ss-rec-hall-m5nq.jpg,Dickies,59.00 EUR,in_stock,Streetbrand OÜ,EE,true,false,true
DX5075_911_L_CNF,U nk nsw everyday essential ns,"täiendatud kõikse päeva&hellip; nike sportswear essential ankle socks on disainitud spordi objektiivi kaudu, kerged, ei näita stiili ja pehme tundega, mis on valmis igapäevaseks kandmiseks. see toode on valmistatud vähemalt 75% ulatuses ümbertöödeldud polüesterkiududest&hellip; toote omadused: no-show siluett tagab madala profiili&hellip; kaarepael kontuurib ümber jala, et tagada kindel istuvus&hellip; toote omaduste alapealkirjad: tootedetailid: 98% polüester/2% elastaani. masin Vaata lähemalt ballzy.eu.",https://ballzy.eu/et/product/u-nk-nsw-everyday-essential-ns-dx5075-911-l-cnf,https://backend.ballzy.eu/media/catalog/product/n/i/nike-u-nk-nsw-everyday-essential-ns-valge-fqrv.jpg,Nike,19.00 EUR,in_stock,Streetbrand OÜ,EE,true,false,true
CP017_CNF,Crep protect - mark-on white,Spordiriided ballzy veebipoest. Vaata lähemalt ballzy.eu.,https://ballzy.eu/et/product/crep-protect-mark-on-white-cp017-cnf,https://backend.ballzy.eu/media/catalog/product/c/r/crep-protect-crep-protect-mark-on-white-multicolor-alrz.jpg,Crep Protect,17.00 EUR,in_stock,Streetbrand OÜ,EE,true,false,true
CP018_CNF,Crep protect - ultimate box pack,Spordiriided ballzy veebipoest. Vaata lähemalt ballzy.eu.,https://ballzy.eu/et/product/crep-protect-ultimate-box-pack-cp018-cnf,https://backend.ballzy.eu/media/catalog/product/c/r/crep-protect-crep-protect-ultimate-box-pack-multicolor-on8i.jpg,Crep Protect,49.00 EUR,in_stock,Streetbrand OÜ,EE,true,false,true
CP031_CNF,Crep protect - sneaker shields s,Spordiriided ballzy veebipoest. Vaata lähemalt ballzy.eu.,https://ballzy.eu/et/product/crep-protect-sneaker-shields-s-cp031-cnf,https://backend.ballzy.eu/media/catalog/product/c/r/crep-protect-crep-protect-sneaker-shields-s-multicolor-h8jk.jpg,Crep Protect,12.00 EUR,in_stock,Streetbrand OÜ,EE,true,false,true
DX5025_100_S_CNF,U nk nsw everyday essential cr,"pehmed poolpikad sokid./>nike'i nike sportswear everyday essential sokid on valmistatud pehmest ja venivast kangast, mis kohandub sinu jalaga, tagades mugavuse kogu päevaks. see toode on tehtud vähemalt 75% ulatuses taaskasutatud polüesterkiududest.dri-fit tehnoloogia aitab hoida su jalad kuivad ja mugavad.tugevdatud kand ja varbaosa pakuvad vastupidavust.strateegiliselt paigutatud võrk materjal lisab hingavust. Vaata lähemalt ballzy.eu.",https://ballzy.eu/et/product/u-nk-nsw-everyday-essential-cr-dx5025-100-s-cnf,https://backend.ballzy.eu/media/catalog/product/n/i/nike-u-nk-nsw-everyday-essential-cr-valge-mdik.jpg,Nike,19.00 EUR,in_stock,Streetbrand OÜ,EE,true,false,true
DB3021_11.5_CNF,Handball spezial,"esmakordselt 1979. aastal eliitkäsipallurite jaoks kasutusele võetud kingad on nüüdseks armastatud oma klassikalise stiili tõttu. see versioon on valmistatud lehma mokkast pealsest, mis tagab paindliku tunde. pehme kummist välistald hoiab neid oma vintage-juurtele truuks. Vaata lähemalt ballzy.eu.",https://ballzy.eu/et/product/handball-spezial-db3021-11-5-cnf,https://backend.ballzy.eu/media/catalog/product/a/d/adidas-handball-spezial-must-e1be.jpg,adidas Originals,119.00 EUR,in_stock,Streetbrand OÜ,EE,true,false,true
I030014_89XX_S_CNF,Hewitt vest,Spordiriided ballzy veebipoest. Vaata lähemalt ballzy.eu.,https://ballzy.eu/et/product/hewitt-vest-i030014-89xx-s-cnf,https://backend.ballzy.eu/media/catalog/product/c/a/carhartt-hewitt-vest-must-wxqe.jpg,Carhartt WIP,189.00 EUR,in_stock,Streetbrand OÜ,EE,true,false,true
10001_100_41_CNF,Classic,Spordiriided ballzy veebipoest. Vaata lähemalt ballzy.eu.,https://ballzy.eu/et/product/classic-10001-100-41-cnf,https://backend.ballzy.eu/media/catalog/product/c/r/crocs-classic-valge-aqef.jpg,Crocs,54.00 EUR,in_stock,Streetbrand OÜ,EE,true,false,true
I030018_NOXX_S_CNF,Montana jacket,Spordiriided ballzy veebipoest. Vaata lähemalt ballzy.eu.,https://ballzy.eu/et/product/montana-jacket-i030018-noxx-s-cnf,https://backend.ballzy.eu/media/catalog/product/c/a/carhartt-montana-jacket-roheline-vvt0.jpg,Carhartt WIP,189.00 EUR,in_stock,Streetbrand OÜ,EE,true,false,true
DX5075_010_S_CNF,U nk nsw everyday essential ns,"täiendatud kõikse päeva&hellip; nike sportswear essential ankle socks on disainitud spordi objektiivi kaudu, kerged, ei näita stiili ja pehme tundega, mis on valmis igapäevaseks kandmiseks. see toode on valmistatud vähemalt 75% ulatuses ümbertöödeldud polüesterkiududest&hellip; toote omadused: no-show siluett tagab madala profiili&hellip; kaarepael kontuurib ümber jala, et tagada kindel istuvus&hellip; toote omaduste alapealkirjad: tootedetailid: 98% polüester/2% elastaani. masin Vaata lähemalt ballzy.eu.",https://ballzy.eu/et/product/u-nk-nsw-everyday-essential-ns-dx5075-010-s-cnf,https://backend.ballzy.eu/media/catalog/product/n/i/nike-u-nk-nsw-everyday-essential-ns-must-ej20.jpg,Nike,19.00 EUR,in_stock,Streetbrand OÜ,EE,true,false,true
SX7678_100_M_CNF,U nk everyday ltwt ns 3pr 132,Nike everyday lightweighti sokkidega sööstad võimsalt läbi oma treeningu. pehme kangas ja higiimav tehnoloogia hoiavad su jalad mugava ning kuivana. Vaata lähemalt ballzy.eu.,https://ballzy.eu/et/product/u-nk-everyday-ltwt-ns-3pr-132-sx7678-100-m-cnf,https://backend.ballzy.eu/media/catalog/product/n/i/nike-u-nk-everyday-ltwt-ns-3pr-valge-mvmj.jpg,Nike,19.00 EUR,in_stock,Streetbrand OÜ,EE,true,false,true
I026391_00MXX_XS_CNF,S/s chase t-shirt,Spordiriided ballzy veebipoest. Vaata lähemalt ballzy.eu.,https://ballzy.eu/et/product/s-s-chase-t-shirt-i026391-00mxx-xs-cnf,https://backend.ballzy.eu/media/catalog/product/c/a/carhartt-s-s-chase-t-shirt-hall-fxvw.jpg,Carhartt WIP,39.00 EUR,in_stock,Streetbrand OÜ,EE,true,false,true
CQ9512_010_MISC_CNF,U nsw h86 cap jdi wash cap,Spordiriided ballzy veebipoest. Vaata lähemalt ballzy.eu.,https://ballzy.eu/et/product/u-nsw-h86-cap-jdi-wash-cap-cq9512-010-misc-cnf,https://backend.ballzy.eu/media/catalog/product/n/i/nike-u-nsw-h86-cap-jdi-wash-cap-must-zwl6.jpg,Nike,29.00 EUR,in_stock,Streetbrand OÜ,EE,true,false,true
DM0211_100_8_CNF,Air force 1 ´07 fresh,"legendaarne stiil muutub värskeks&hellip; vananemist ei saa peatada, kuid air force 1 ""fresh"" jõuab sellele üsna lähedale. pehme, tekstuurne nahk aitab varjata kortsumist ja seda on lihtne puhastada. debossitud kaubamärgiga, mis asendab kootud sildid, paarib lisapaelad, nii et saate rahulikult seda marmelaadifunkrit süüa. ja perforeeritud sokkpolster hoiab selle õhulisuse ja hingavuse. nüüd ei ole tõesti mingit põhjust, miks mitte rokkida valgeid valgeid&hellip; tooteomadused: pe Vaata lähemalt ballzy.eu.",https://ballzy.eu/et/product/air-force-1-07-fresh-dm0211-100-8-cnf,https://backend.ballzy.eu/media/catalog/product/n/i/nike-air-force-1-07-fresh-valge-sopp.jpg,Nike,134.00 EUR,in_stock,Streetbrand OÜ,EE,true,false,true
I030992_00EXX_S_CNF,Script belt,Spordiriided ballzy veebipoest. Vaata lähemalt ballzy.eu.,https://ballzy.eu/et/product/script-belt-i030992-00exx-s-cnf,https://backend.ballzy.eu/media/catalog/product/c/a/carhartt-script-belt-must-ge77.jpg,Carhartt WIP,69.00 EUR,in_stock,Streetbrand OÜ,EE,true,false,true
MR530SG_8_CNF,New balance 530,The 530 men’s sneaker is a throwback of one of our classic running shoes. this casual kick combines everyday style with modern tech. abzorb cushioning underfoot adds superior comfort. Vaata lähemalt ballzy.eu.,https://ballzy.eu/et/product/new-balance-530-mr530sg-8-cnf,https://backend.ballzy.eu/media/catalog/product/n/e/new-balance-new-balance-530-valge-vzqo.jpg,New Balance,124.00 EUR,in_stock,Streetbrand OÜ,EE,true,false,true
DH2925_111_10.5C_CNF,Force 1 le ps,"salute to a legendale&hellip; sellest ongi legendid tehtud. nike force 1 le toob tagasi 82. aasta kõvapuu ikooni igapäevaseks stiiliks, mis on kas täielikult valge või täielikult must. lase vastupidavusel, pehmendusel ja tunnetusel tutvustada väikestele jalgadele klassikalist&hellip; toote omadused: ehtne ja sünteetiline nahk on vastupidav ja kergesti puhastatav&hellip; pehme vaht annab klassikalise pehmenduse&hellip; kummist tald toob vastupidava haardumise&hellip; toote omadust Vaata lähemalt ballzy.eu.",https://ballzy.eu/et/product/force-1-le-ps-dh2925-111-10-5c-cnf,https://backend.ballzy.eu/media/catalog/product/n/i/nike-force-1-le-ps-valge-hpie.jpg,Nike,79.00 EUR,in_stock,Streetbrand OÜ,EE,true,false,true
DK0A4XK9CH01_30_30_CNF,872 work pant rec,Spordiriided ballzy veebipoest. Vaata lähemalt ballzy.eu.,https://ballzy.eu/et/product/872-work-pant-rec-dk0a4xk9ch01-30-30-cnf,https://backend.ballzy.eu/media/catalog/product/d/i/dickies-872-work-pant-rec-hall-m4ha.jpg,Dickies,79.00 EUR,in_stock,Streetbrand OÜ,EE,true,false,true
DK0A4XYLC151_28_CNF,Thomasville denim w,Spordiriided ballzy veebipoest. Vaata lähemalt ballzy.eu.,https://ballzy.eu/et/product/thomasville-denim-w-dk0a4xylc151-28-cnf,https://backend.ballzy.eu/media/catalog/product/d/i/dickies-thomasville-denim-w-sinine-gukq.jpg,Dickies,89.00 EUR,in_stock,Streetbrand OÜ,EE,true,false,true
DK0A4XYXA281_XS_CNF,Summerdale sweatshirt w,Spordiriided ballzy veebipoest. Vaata lähemalt ballzy.eu.,https://ballzy.eu/et/product/summerdale-sweatshirt-w-dk0a4xyxa281-xs-cnf,https://backend.ballzy.eu/media/catalog/product/d/i/dickies-summerdale-sweatshirt-w-hall-1s6c.jpg,Dickies,69.00 EUR,in_stock,Streetbrand OÜ,EE,true,false,true
DK0A4Y1BBLK1_XS_CNF,Summerdale tee ss w,Spordiriided ballzy veebipoest. Vaata lähemalt ballzy.eu.,https://ballzy.eu/et/product/summerdale-tee-ss-w-dk0a4y1bblk1-xs-cnf,https://backend.ballzy.eu/media/catalog/product/d/i/dickies-summerdale-tee-ss-w-must-us1v.jpg,Dickies,39.00 EUR,in_stock,Streetbrand OÜ,EE,true,false,true
DH5463_903_S_CNF,U nk everyday plus cush footie,"low-profile comfort plus support&hellip; nike everyday plus cushioned socks toovad treeningusse mugavust tänu lisapehmendusele kanna ja esijala all ning mugavale, toetavale kaarepaelale. higi äravoolavus ja hingavus üleval aitavad hoida jalad kuivana ja jahedana, et aidata teil läbi teha täiendav sari&hellip; toote omadused: dri-fit-tehnoloogia aitab jalgadel kuivana ja mugavalt püsida&hellip; vöörihma ümbritsev rihm tundub mugav ja toetav&hellip; hingav kudumismuster ülaosas lis Vaata lähemalt ballzy.eu.",https://ballzy.eu/et/product/u-nk-everyday-plus-cush-footie-dh5463-903-s-cnf,https://backend.ballzy.eu/media/catalog/product/n/i/nike-u-nk-everyday-plus-cush-footie-valge-djvb.jpg,Nike,19.00 EUR,in_stock,Streetbrand OÜ,EE,true,false,true
DN2555_010_MISC_CNF,Nk elmntl prm bkpk,"Stiilne, kaasaegne ja vastupidavast polüestrist valmistatud nike elementali seljakott on lausa hädavajalik. selle suurde lukuga sahtlisse mahuvad lisaks raamatutele ja sülearvutile ka mugavalt sinu jalatsid või trenniriided. kaks välistaskut aitavad sul väikeseid esemeid korralikult ning ligipääsetavalt kaasas kanda.kahetaskuline lukuga peatasku pakub avarat ja turvalist hoiuruumi.mitmed lihtsasti ligipääsetavad taskud, sealhulgas veepudelihoidikud, tagavad mugava korral Vaata lähemalt ballzy.eu.",https://ballzy.eu/et/product/nk-elmntl-prm-bkpk-dn2555-010-misc-cnf,https://backend.ballzy.eu/media/catalog/product/n/i/nike-nk-elmntl-prm-bkpk-must-pedx.jpg,Nike,59.00 EUR,in_stock,Streetbrand OÜ,EE,true,false,true
SX5277_101_S_CNF,U nk everyday plus ltwt footie,"mugavalt paitud ventilatsiooniga&hellip; nike everyday plus kerged sokid pakuvad madala profiiliga mugavust mikro-nyloon- ja spandexlõngade seguga. higi eemaldav disain on pealt hingav, et hoida jalad jahedad ja kuivad&hellip; toote omadused: dri-fit tehnoloogia aitab hoida jalad kuivana ja mugavalt&hellip; kaarepael tundub toetav ja mugav&hellip; hingav konstruktsioon pealt&hellip; sisemine libisemisvastane silikoonitrükk kannal aitab vähendada libisemist&hellip; toote omaduste Vaata lähemalt ballzy.eu.",https://ballzy.eu/et/product/u-nk-everyday-plus-ltwt-footie-sx5277-101-s-cnf,https://backend.ballzy.eu/media/catalog/product/n/i/nike-u-nk-everyday-plus-ltwt-footie-valge-uy0h.jpg,Nike,19.00 EUR,in_stock,Streetbrand OÜ,EE,true,false,true
DX5025_010_S_CNF,U nk nsw everyday essential cr,"Nike sportswear everyday essentiali sokid on valmistatud pehmest ja venivast kangast, mis liibub su jalale, tagades mugavuse kogu päevaks. see toode on valmistatud vähemalt 75% taaskasutatud polüesterkiududest. Vaata lähemalt ballzy.eu.",https://ballzy.eu/et/product/u-nk-nsw-everyday-essential-cr-dx5025-010-s-cnf,https://backend.ballzy.eu/media/catalog/product/n/i/nike-u-nk-nsw-everyday-essential-cr-must-jesj.jpg,Nike,23.00 EUR,in_stock,Streetbrand OÜ,EE,true,false,true
13328667_L_CNF,Smiley originals po hoody,Spordiriided ballzy veebipoest. Vaata lähemalt ballzy.eu.,https://ballzy.eu/et/product/smiley-originals-po-hoody-13328667-l-cnf,https://backend.ballzy.eu/media/catalog/product/n/e/newera-smiley-originals-po-hoody-must-pswg.jpg,New Era,89.00 EUR,in_stock,Streetbrand OÜ,EE,true,false,true
I021756_89XX_M-L_CNF,Watch gloves,Spordiriided ballzy veebipoest. Vaata lähemalt ballzy.eu.,https://ballzy.eu/et/product/watch-gloves-i021756-89xx-m-l-cnf,https://backend.ballzy.eu/media/catalog/product/c/a/carhartt-watch-gloves-hall-0gps.jpg,Carhartt WIP,29.00 EUR,in_stock,Streetbrand OÜ,EE,true,false,true
MR530EMA_4_CNF,New balance 530,The 530 men’s sneaker is a throwback of one of our classic running shoes. this casual kick combines everyday style with modern tech. abzorb cushioning underfoot adds superior comfort. Vaata lähemalt ballzy.eu.,https://ballzy.eu/et/product/new-balance-530-mr530ema-4-cnf,https://backend.ballzy.eu/media/catalog/product/n/e/new-balance-new-balance-530-valge-4eov.jpg,New Balance,124.00 EUR,in_stock,Streetbrand OÜ,EE,true,false,true
IA3919_34_CNF,Puffer jacket,"sa võid olla füüsiliselt kaugel mäenõlvadest, kuid suusatamise meeleolu on selles adidas´i puffy jakis täiesti olemas. nii mahu kui ka soojuse eest hoolitseb polsterdatud konstruktsioon, mis loob muljet, samal ajal blokeerides külma. kui sul on vaja seda veelgi rohkem blokeerida, siis reguleeri lihtsalt piha ja tõmba jope täielikult kinni. abiks on kõrgendatud krae. valmistatud osaliselt taaskasutatud materjalist, mis on saadud tootmisjäätmetest, nt lõikamisjäätmetest, ja tarbija Vaata lähemalt ballzy.eu.",https://ballzy.eu/et/product/puffer-jacket-ia3919-34-cnf,https://backend.ballzy.eu/media/catalog/product/a/d/adidas-puffer-jacket-must-jemp.jpg,adidas Originals,169.00 EUR,in_stock,Streetbrand OÜ,EE,true,false,true
M2002RST_07_CNF,New balance 2002r,Spordiriided ballzy veebipoest. Vaata lähemalt ballzy.eu.,https://ballzy.eu/et/product/new-balance-2002r-m2002rst-07-cnf,https://backend.ballzy.eu/media/catalog/product/n/e/new-balance-new-balance-2002r-hall-rnls.jpg,New Balance,159.00 EUR,in_stock,Streetbrand OÜ,EE,true,false,true
JM102005_CNF,New repel spray refill,Spordiriided ballzy veebipoest. Vaata lähemalt ballzy.eu.,https://ballzy.eu/et/product/new-repel-spray-refill-jm102005-cnf,https://backend.ballzy.eu/media/catalog/product/j/a/jason-markk-new-repel-spray-refill-multicolor-iedc.jpg,Jason Markk,16.00 EUR,in_stock,Streetbrand OÜ,EE,true,false,true
JM1364_CNF,Premium microfiber towel,Spordiriided ballzy veebipoest. Vaata lähemalt ballzy.eu.,https://ballzy.eu/et/product/premium-microfiber-towel-jm1364-cnf,https://backend.ballzy.eu/media/catalog/product/j/a/jason-markk-premium-microfiber-towel-multicolor-bmoj.jpg,Jason Markk,13.00 EUR,in_stock,Streetbrand OÜ,EE,true,false,true
JM1647_CNF,Standard brush,Spordiriided ballzy veebipoest. Vaata lähemalt ballzy.eu.,https://ballzy.eu/et/product/standard-brush-jm1647-cnf,https://backend.ballzy.eu/media/catalog/product/j/a/jason-markk-standard-brush-multicolor-ltbo.jpg,Jason Markk,10.00 EUR,in_stock,Streetbrand OÜ,EE,true,false,true
JM2138_CNF,Jm travel kit,Spordiriided ballzy veebipoest. Vaata lähemalt ballzy.eu.,https://ballzy.eu/et/product/jm-travel-kit-jm2138-cnf,https://backend.ballzy.eu/media/catalog/product/j/a/jason-markk-jm-travel-kit-multicolor-jvbv.jpg,Jason Markk,39.00 EUR,in_stock,Streetbrand OÜ,EE,true,false,true
JM310410_CNF,Essential kit,Spordiriided ballzy veebipoest. Vaata lähemalt ballzy.eu.,https://ballzy.eu/et/product/essential-kit-jm310410-cnf,https://backend.ballzy.eu/media/catalog/product/j/a/jason-markk-hat-care-kit-multicolor-6m7v.jpg,Jason Markk,30.00 EUR,in_stock,Streetbrand OÜ,EE,true,false,true
JM4383_CNF,Premium brush,Spordiriided ballzy veebipoest. Vaata lähemalt ballzy.eu.,https://ballzy.eu/et/product/premium-brush-jm4383-cnf,https://backend.ballzy.eu/media/catalog/product/j/a/jason-markk-premium-brush-multicolor-i22l.jpg,Jason Markk,13.00 EUR,in_stock,Streetbrand OÜ,EE,true,false,true
LAS16463_BK_L_CNF,Unisex response performance crew 3 pairs,Spordiriided ballzy veebipoest. Vaata lähemalt ballzy.eu.,https://ballzy.eu/et/product/unisex-response-performance-crew-3-pairs-las16463-bk-l-cnf,https://backend.ballzy.eu/media/catalog/product/n/e/new-balance-unisex-response-performance-crew-3-pairs-must-tbcw.jpg,New Balance,14.00 EUR,in_stock,Streetbrand OÜ,EE,true,false,true
LAS16463_WT_L_CNF,Unisex response performance crew 3 pairs,Spordiriided ballzy veebipoest. Vaata lähemalt ballzy.eu.,https://ballzy.eu/et/product/unisex-response-performance-crew-3-pairs-las16463-wt-l-cnf,https://backend.ballzy.eu/media/catalog/product/n/e/new-balance-unisex-response-performance-crew-3-pairs-valge-immi.jpg,New Balance,14.00 EUR,in_stock,Streetbrand OÜ,EE,true,false,true
U9060GRY_8_CNF,New balance 9060,"New balance’s new 9060 silhouette fuses classic style with a contemporary, experimental approach to everyday versatility. the 9060 reinterprets familiar elements sourced from classic 99x models with a warped sensibility inspired by the proudly futuristic, visible tech aesthetic of the y2k era. sway bars, taken from the 990, are expanded and utilized throughout the entire upper for a sense of visible motion, while wavy lines and scaled up proportions on a sculpted pod midsole place an exaggerated Vaata lähemalt ballzy.eu.",https://ballzy.eu/et/product/new-balance-9060-u9060gry-8-cnf,https://backend.ballzy.eu/media/catalog/product/n/e/new-balance-new-balance-9060-hall-a8ju.jpg,New Balance,199.00 EUR,in_stock,Streetbrand OÜ,EE,true,false,true
DD1873_102_6_CNF,W nike dunk low next nature,"see on loodud kõva puidu jaoks, kuid viidud tänavale, '80ndate ikoon naaseb, et lasta sul teha head, nähes hea välja. nüüd valmistatud vähemalt 20% ulatuses taaskasutatud materjalidest, värskendasime klassikat, mis säilitab algse terviklikkuse, kuid mille mõju on minimaalne. sünteetilisest nahast valmistatud dunk low suunab tänavale vintage-pallurite stiili ja lihtsa eluviisi&hellip; toote omadused: sunburst-sümbol esindab 1 väikest sammu meie teekonnal move to zero&hellip; karge Vaata lähemalt ballzy.eu.",https://ballzy.eu/et/product/w-nike-dunk-low-next-nature-dd1873-102-6-cnf,https://backend.ballzy.eu/media/catalog/product/n/i/nike-w-nike-dunk-low-next-nature-must-ncr3.jpg,Nike,149.00 EUR,in_stock,Streetbrand OÜ,EE,true,false,true
BS7685_6.5_CNF,Club c 85,Spordiriided ballzy veebipoest. Vaata lähemalt ballzy.eu.,https://ballzy.eu/et/product/club-c-85-bs7685-6-5-cnf,https://backend.ballzy.eu/media/catalog/product/r/e/reebok-club-c-85-valge-a7bj.jpg,Reebok,74.00 EUR,in_stock,Streetbrand OÜ,EE,true,false,true
53834865_XS_CNF,Infuse tee,Spordiriided ballzy veebipoest. Vaata lähemalt ballzy.eu.,https://ballzy.eu/et/product/infuse-tee-53834865-xs-cnf,https://backend.ballzy.eu/media/catalog/product/p/u/puma-infuse-tee-lilla-gdtj.jpg,Puma,44.00 EUR,in_stock,Streetbrand OÜ,EE,true,false,true
53834889_XS_CNF,Infuse tee,Spordiriided ballzy veebipoest. Vaata lähemalt ballzy.eu.,https://ballzy.eu/et/product/infuse-tee-53834889-xs-cnf,https://backend.ballzy.eu/media/catalog/product/p/u/puma-infuse-tee-bee-5fhd.jpg,Puma,44.00 EUR,in_stock,Streetbrand OÜ,EE,true,false,true
HQ8708_8_CNF,Campus 00s,"kuigi adidas campus´i kingad debüteerisid kõvaplatsil, võeti need kiiresti kasutusele ka mujal. selle paari puhul liigutame ikoonilist siluetti teises suunas ning lisame sellele kaasaegseid materjale, värve ja proportsioone. need on tehtud esmaklassilise nahast pealsega, mis on vooderdatud pehme froteekangaga, kusjuures kõik see on paigutatud naturaalvalge vahepealse peale - selge ühendus campus´i pärandiga. Vaata lähemalt ballzy.eu.",https://ballzy.eu/et/product/campus-00s-hq8708-8-cnf,https://backend.ballzy.eu/media/catalog/product/a/d/adidas-campus-00s-must-fmln.jpg,adidas Originals,119.00 EUR,in_stock,Streetbrand OÜ,EE,true,false,true
DD1391_100_9_CNF,Nike dunk low retro,"true to your crew&hellip; nike dunk low retro, mis on loodud kõvaplatsile, kuid viidud tänavatele, naaseb teravate kattematerjalide ja originaalsete meeskonnavärvidega. see korvpalli ikoon kanaliseerib '80ndate vibratsiooni kõrgekvaliteedilise nahaga pealses, mis näeb hea välja ja murdub veelgi paremini. kaasaegne jalatsitehnoloogia aitab tuua mugavuse 21. sajandisse&hellip; toote omadused: premium nahk pealses on täiusliku läikega ja murdub ilusti sisse&hellip; kaasaegne vahtpol Vaata lähemalt ballzy.eu.",https://ballzy.eu/et/product/nike-dunk-low-retro-dd1391-100-9-cnf,https://backend.ballzy.eu/media/catalog/product/n/i/nike-nike-dunk-low-retro-must-vw3g.jpg,Nike,129.00 EUR,in_stock,Streetbrand OÜ,EE,true,false,true
30851329_040_CNF,Combs w,Spordiriided ballzy veebipoest. Vaata lähemalt ballzy.eu.,https://ballzy.eu/et/product/combs-w-30851329-040-cnf,https://backend.ballzy.eu/media/catalog/product/d/r/dr-martens-combs-w-bee-jgwj.jpg,Dr. Martens,159.00 EUR,in_stock,Streetbrand OÜ,EE,true,false,true
I026391_00HXX_S_CNF,S/s chase t-shirt,Spordiriided ballzy veebipoest. Vaata lähemalt ballzy.eu.,https://ballzy.eu/et/product/s-s-chase-t-shirt-i026391-00hxx-s-cnf,https://backend.ballzy.eu/media/catalog/product/c/a/carhartt-s-s-chase-t-shirt-sinine-oh6t.jpg,Carhartt WIP,39.00 EUR,in_stock,Streetbrand OÜ,EE,true,false,true
26002001_080_CNF,Embury,Spordiriided ballzy veebipoest. Vaata lähemalt ballzy.eu.,https://ballzy.eu/et/product/embury-26002001-080-cnf,https://backend.ballzy.eu/media/catalog/product/d/r/dr-martens-embury-must-qbkf.jpg,Dr. Martens,169.00 EUR,in_stock,Streetbrand OÜ,EE,true,false,true
60332142_2XL_CNF,Infill team logo jersey lakers,"Ole kogu päeva mugav selles mustas new era infill team logo särgis: klassikaline ümar kaelus nööbitava esiosaga, lühikesed varrukad ning silmapaistvad la lakersi meeskonna detailid. ideaalne igapäevaseks fännivarustuseks. Vaata lähemalt ballzy.eu.",https://ballzy.eu/et/product/infill-team-logo-jersey-lakers-60332142-2xl-cnf,https://backend.ballzy.eu/media/catalog/product/n/e/newera-infill-team-logo-jersey-lakers-must-fesd.jpg,New Era,69.00 EUR,in_stock,Streetbrand OÜ,EE,true,false,true
DV7616_010_S_CNF,M j ess stmt coaches jkt,Spordiriided ballzy veebipoest. Vaata lähemalt ballzy.eu.,https://ballzy.eu/et/product/m-j-ess-stmt-coaches-jkt-dv7616-010-s-cnf,https://backend.ballzy.eu/media/catalog/product/j/o/jordan-m-j-ess-stmt-coaches-jkt-must-yghj.jpg,Jordan,139.00 EUR,in_stock,Streetbrand OÜ,EE,true,false,true
30823292_070_CNF,Tarik,Spordiriided ballzy veebipoest. Vaata lähemalt ballzy.eu.,https://ballzy.eu/et/product/tarik-30823292-070-cnf,https://backend.ballzy.eu/media/catalog/product/d/r/dr-martens-tarik-bee-tiy3.jpg,Dr. Martens,169.00 EUR,in_stock,Streetbrand OÜ,EE,true,false,true
30852538_070_CNF,Ayce,Spordiriided ballzy veebipoest. Vaata lähemalt ballzy.eu.,https://ballzy.eu/et/product/ayce-30852538-070-cnf,https://backend.ballzy.eu/media/catalog/product/d/r/dr-martens-ayce-roheline-wvt0.jpg,Dr. Martens,119.00 EUR,in_stock,Streetbrand OÜ,EE,true,false,true
DN8396_100_S_CNF,Bkn m nk df shwtm ls fz ce,Spordiriided ballzy veebipoest. Vaata lähemalt ballzy.eu.,https://ballzy.eu/et/product/bkn-m-nk-df-shwtm-ls-fz-ce-dn8396-100-s-cnf,https://backend.ballzy.eu/media/catalog/product/n/i/nike-bkn-m-nk-df-shwtm-ls-fz-ce-valge-czgt.jpg,Nike,159.00 EUR,in_stock,Streetbrand OÜ,EE,true,false,true
N1002455127OS_1SIZE_CNF,Nike gathered hair ties 2.0 2,Spordiriided ballzy veebipoest. Vaata lähemalt ballzy.eu.,https://ballzy.eu/et/product/nike-gathered-hair-ties-2-0-2-n1002455127os-1size-cnf,https://backend.ballzy.eu/media/catalog/product/n/i/nike-nike-gathered-hair-ties-2-0-2-must-yymz.jpg,Nike,14.00 EUR,in_stock,Streetbrand OÜ,EE,true,false,true
60298663_OSFM_CNF,Ne heritage script 9twenty,Spordiriided ballzy veebipoest. Vaata lähemalt ballzy.eu.,https://ballzy.eu/et/product/ne-heritage-script-9twenty-60298663-osfm-cnf,https://backend.ballzy.eu/media/catalog/product/n/e/newera-ne-heritage-script-9twenty-must-atgy.jpg,New Era,34.00 EUR,in_stock,Streetbrand OÜ,EE,true,false,true
I013507_89XX_0_CNF,Clan scarf,Spordiriided ballzy veebipoest. Vaata lähemalt ballzy.eu.,https://ballzy.eu/et/product/clan-scarf-i013507-89xx-0-cnf,https://backend.ballzy.eu/media/catalog/product/c/a/carhartt-clan-scarf-must-h4bu.jpg,Carhartt WIP,59.00 EUR,in_stock,Streetbrand OÜ,EE,true,false,true
